{
    "geometries":[{
        "type":"Geometry",
        "uuid":"8EFAEB4E-F623-3FF4-85F8-CDA58D2A7CE7",
        "data":{
            "vertices":[2e-06,-52.8124,11.9532,25.4411,-40.7564,-0,53.5418,12.1464,6.59712,0.002085,-8.71035,39.3876,-54.6486,12.1464,6.59712,0,30.5799,-37.9457,-25.4411,-40.7564,0,0.001382,30.3508,49.0935,-59.5017,40.4416,8.09314,0.001381,63.1852,-38.0558,58.1438,40.4416,8.09314,46.509,80,8.2054,-0.066296,80,-28.7625,-47.7316,80,8.2054,-0.066297,80,46.9815,-54.6486,12.1464,6.59712,-59.5017,40.4416,8.09314,-59.5017,40.4416,8.09314,0.001382,30.3508,49.0935,0.001382,30.3508,49.0935,58.1438,40.4416,8.09314,58.1438,40.4416,8.09314,53.5418,12.1464,6.59712,25.4411,-40.7564,-0,25.4411,-40.7564,-0,0,30.5799,-37.9457,-25.4411,-40.7564,0,-25.4411,-40.7564,0,2e-06,-52.8124,11.9532,2e-06,-52.8124,11.9532,0.002085,-8.71035,39.3876,0.001381,63.1852,-38.0558,-47.7316,80,8.2054,-0.066296,80,-28.7625,46.509,80,8.2054,-0.066297,80,46.9815],
            "uvs":[[0.625,0,0.625,0.149128,0.375,0.149128,0.375,0.75,0.625,0.75,0.625,1,0.125,0,0.375,0,0.125,0.149128,0.375,0.182962,0.625,0.182962,0.125,0.182962,0.375,1,0.375,0.600872,0.875,0,0,0]],
            "name":"headGeometry.2",
            "normals":[0.566576,0.708365,0.420881,0.587268,0.77456,0.234779,0.573626,0.755577,0.316202,0,-0.882868,0.469622,-0.562578,0.709159,0.42494,-0.544542,0.71218,0.442976,-0.56737,0.758873,0.31962,-0.579119,0.779473,0.238716,-0.564043,0.804682,0.185125,0.586627,0.798059,0.137608,0.572283,0.799371,0.182958,0.544542,0.712149,0.443037,-0.577837,0.803766,0.141606,-0,-0.710128,0.704073,-0.571703,-0.791223,0.216956,-0.596881,-0.793146,0.120701,0.005371,-0.994201,0.107395,0.581256,-0.785913,0.21073,0.605701,-0.78692,0.117679,-0.614856,-0.787988,0.031037,0.004303,-0.999237,0.038453,0.623554,-0.781213,0.029328,0,-0,-1,0.006867,-0.94525,-0.326212,-0.936705,0.245033,-0.249977,-0.95999,0.051119,-0.275277,0.00528,-0.94528,-0.326212,0,0,-1,0.00531,0.992889,-0.118839,0.937803,0.24311,-0.247749,0.960692,0.051302,-0.272774,0.004975,0.992889,-0.118839],
            "metadata":{
                "vertices":36,
                "generator":"io_three",
                "uvs":1,
                "normals":32,
                "version":3,
                "faces":20
            },
            "faces":[40,1,2,3,0,1,2,0,1,2,40,6,5,23,3,4,5,3,3,3,40,26,0,30,6,7,2,4,5,6,40,4,30,18,8,2,9,7,6,8,40,2,10,7,1,10,9,1,9,10,40,3,2,7,2,1,9,2,1,10,40,28,1,3,7,0,2,11,0,2,40,8,4,18,11,8,9,12,7,8,40,4,26,30,8,6,2,7,4,6,40,29,6,23,12,3,5,13,13,13,40,27,15,25,3,13,4,14,15,16,40,24,25,22,0,14,1,17,16,18,41,16,9,25,15,15,15,13,11,19,20,16,15,41,9,20,22,25,15,1,14,15,20,21,18,16,40,14,11,33,10,15,15,22,22,22,41,31,17,13,12,15,15,15,15,23,24,25,26,40,32,14,33,9,10,15,27,27,27,41,19,21,34,35,9,10,10,9,28,29,30,31,41,17,19,35,13,11,9,9,11,24,28,31,25,41,21,31,12,34,1,15,15,1,29,23,26,30]
        }
    }],
    "images":[],
    "object":{
        "type":"Scene",
        "matrix":[1,0,0,0,0,1,0,0,0,0,1,0,0,0,0,1],
        "uuid":"36A830D6-6352-4852-AF54-0055481BA350",
        "children":[{
            "name":"head_bottom",
            "uuid":"4DFCB24B-E69B-301E-855A-440D94081E9B",
            "matrix":[1,-0,-0,0,0,1,0,0,0,-0,1,0,0,-1.10321,0.262381,1],
            "visible":true,
            "type":"Mesh",
            "castShadow":true,
            "receiveShadow":true,
            "geometry":"8EFAEB4E-F623-3FF4-85F8-CDA58D2A7CE7"
        }]
    },
    "textures":[],
    "metadata":{
        "type":"Object",
        "version":4.4,
        "generator":"io_three",
        "sourceFile":"mask_baby.blend"
    },
    "materials":[],
    "animations":[{
        "fps":24,
        "name":"default",
        "tracks":[]
    }]
}