{
    "name":"Plane.002Geometry.2",
    "vertices":[0.326005,0.014731,0.139908,-0.872615,0.475592,10.1946,1.18652,0.504524,10.2278,0.168268,-0.246087,10.1509,-0.769665,0.319543,5.72063,0.684721,0.002037,15.1964,-0.5173,-0.014852,15.177,1.23224,0.347671,5.7529,0.015311,-0.817929,20.1364,0.090234,-0.430803,15.1519,0.23666,-0.015767,5.70816,-0.35116,0.048767,10.1673,0.678409,0.063232,10.1839,0.735322,0.10935,5.7259,-0.265633,0.095286,5.70976,-0.212483,-0.291147,15.1589,0.388528,-0.282703,15.1686],
    "normals":[-0.369517,-0.035272,0.928554,0.559274,0.0167,0.828815,0.396397,-0.022924,0.917793,-0.536021,-0.000959,0.844204,-0.648748,-0.031171,0.760365,-0.467787,-0.043508,0.88277,0.493556,-0.028009,0.869263,0.670516,-0.009901,0.741829,0.243408,-0.001407,0.969923,-0.406863,-0.030013,0.912996,0.433102,-0.016471,0.901194,-0.215897,-0.008812,0.976376,0.446621,-0.062606,0.89253,0.694045,-0.025375,0.719484,-0.672384,-0.047405,0.738683,-0.419125,-0.076564,0.904694],
    "metadata":{
        "generator":"io_three",
        "vertices":17,
        "normals":16,
        "faces":16,
        "version":3,
        "type":"Geometry",
        "uvs":0
    },
    "uvs":[],
    "faces":[33,14,10,3,11,0,0,0,0,33,13,7,2,12,1,1,1,1,33,10,13,12,3,2,2,2,2,33,4,14,11,1,3,3,3,3,33,1,11,15,6,4,4,4,4,33,11,3,9,15,5,5,5,5,33,3,12,16,9,6,6,6,6,33,12,2,5,16,7,7,7,7,32,0,13,10,8,8,8,32,0,14,4,9,9,9,32,0,7,13,10,10,10,32,0,10,14,11,11,11,32,9,16,8,12,12,12,32,16,5,8,13,13,13,32,6,15,8,14,14,14,32,15,9,8,15,15,15]
}